Date,Open,High,Low,Close,Adj Close,Volume,MACD,MACDsig,MACDhist,EMA,EMA_short,EMA_long,EMA_x,buy_sig,sell_sig,buy_sig_EMA,sell_sig_EMA,Volume_MA_short,Volume_MA_long,buy_sig_adj,sell_sig_adj
2022-01-03,0.8600000143051147,0.8600000143051147,0.8500000238418579,0.8500000238418579,0.8204219341278076,33591668,,,,0.8500000238418579,0.8500000238418579,0.8500000238418579,0.8500000238418579,,,,,33591668.0,33591668.0,,
2022-01-04,0.8500000238418579,0.8899999856948853,0.8500000238418579,0.8799999952316284,0.8493779897689819,273704568,,,,0.8575000166893005,0.852857163974217,0.8511764933081235,0.8502985310198656,,,,,153648118.0,153648118.0,,
2022-01-05,0.8799999952316284,0.9100000262260436,0.8799999952316284,0.8899999856948853,0.85903000831604,206111112,,,,0.8656250089406967,0.8563945755666615,0.8526989832056435,0.8506935703698658,,,,,171135782.66666666,171135782.66666666,,
2022-01-06,0.8899999856948853,0.9100000262260436,0.8799999952316284,0.8999999761581421,0.8686820268630981,109531538,,,,0.8742187507450581,0.8605474708610883,0.8545539241057416,0.8511841813727343,,,,,155734721.5,155734721.5,,
2022-01-07,0.8999999761581421,0.9200000166893004,0.8899999856948853,0.9200000166893004,0.8879861235618591,174403376,,,,0.8856640672311187,0.8662096180828228,0.857120437540391,0.8518689160525011,,,,,159468452.4,159468452.4,,
2022-01-10,0.9200000166893004,0.9300000071525574,0.9100000262260436,0.9200000166893004,0.8879861235618591,86206203,,,,0.8942480545956641,0.8713325131882017,0.8595863033893679,0.8525468374518723,,,,,147258077.5,147258077.5,,
2022-01-11,0.9100000262260436,0.9200000166893004,0.8799999952316284,0.8899999856948853,0.85903000831604,193053959,,,,0.8931860373704694,0.8731103677126477,0.8607789968131137,0.8529195055935939,,,,,153800346.2857143,153800346.2857143,,
2022-01-12,0.8999999761581421,0.9200000166893004,0.8899999856948853,0.9100000262260436,0.878334105014801,161663538,,,,0.897389534584363,0.8766236685234474,0.8627092332606795,0.8534874709730212,,,0.9100000262260436,,154783245.25,154783245.25,,
2022-01-13,0.9100000262260436,0.9300000071525574,0.8999999761581421,0.9100000262260436,0.878334105014801,137592872,,,,0.9005421574947832,0.879802369257028,0.864563774161282,0.8540497849556384,,,,,152873203.7777778,152873203.7777778,,
2022-01-14,0.9100000262260436,0.9100000262260436,0.8999999761581421,0.9100000262260436,0.878334105014801,45584475,,,,0.9029066246775983,0.8826783365874106,0.8663455879677433,0.8546065037742495,,,,,142144330.9,142144330.9,,
2022-01-17,0.9100000262260436,0.9100000262260436,0.8999999761581421,0.8999999761581421,0.8686820268630981,65350997,,,,0.9021799625477342,0.8843280165465279,0.8676653678967786,0.8550581801163779,,,,,135163118.72727272,135163118.72727272,,
2022-01-18,0.9100000262260436,0.9300000071525574,0.8999999761581421,0.9200000166893004,0.8879861235618591,145323662,,,,0.9066349760831258,0.8877253498934586,0.8697177070651129,0.8557043675449643,,,,,136009830.66666666,136009830.66666666,,
2022-01-19,0.9200000166893004,0.9300000071525574,0.9200000166893004,0.9300000071525574,0.8976381421089172,141892832,,,,0.9124762338504837,0.8917515077276585,0.8720817188332479,0.8564436276405623,,,,,136462369.23076922,136462369.23076922,,
2022-01-20,0.9200000166893004,0.959999978542328,0.9200000166893004,0.949999988079071,0.9169421195983888,274499006,,,,0.9218571724076305,0.8972989820468407,0.8751373372350449,0.8573745366996519,,,,,146322129.0,146322129.0,,
2022-01-21,0.949999988079071,0.949999988079071,0.9300000071525574,0.9399999976158142,0.9072901606559752,163765950,,,,0.9263928787096765,0.901365745434362,0.8776809709754674,0.8581966805893649,,,,,147485050.4,147485050.4,,
2022-01-24,0.9399999976158142,0.949999988079071,0.9200000166893004,0.949999988079071,0.9169421195983888,198452758,,,,0.9322946560520251,0.9059975780671914,0.8805170108618833,0.8591101463355312,,,,,150670532.125,150670532.125,,
2022-01-25,0.9399999976158142,0.949999988079071,0.9200000166893004,0.9300000071525574,0.8976381421089172,118227207,,,,0.9317209938271582,0.9082835236943692,0.8824575205203411,0.8598155180849544,,,,,148762101.2352941,148762101.2352941,,
2022-01-26,0.9300000071525574,0.949999988079071,0.9300000071525574,0.949999988079071,0.9169421195983888,138195717,,,,0.9362907423901364,0.912256520302436,0.8851062447383305,0.8607128759953436,,,,,148175079.8888889,148175079.8888889,,
2022-01-27,0.949999988079071,0.949999988079071,0.9200000166893004,0.9300000071525574,0.8976381421089172,87747241,,,,0.9347180585807416,0.9139463761929237,0.8868667844408492,0.8614023001859626,,,,,144994667.31578946,144994667.31578946,,
2022-01-28,0.9300000071525574,0.9399999976158142,0.9200000166893004,0.9300000071525574,0.8976381421089172,80333502,,,,0.9335385457236955,0.9154752934271746,0.8885582833707202,0.8620848644343865,,,,,141761609.05,141761609.05,,
2022-01-31,0.9300000071525574,0.9300000071525574,0.9300000071525574,0.9300000071525574,0.8976381421089172,0,,,,0.932653911080911,0.9168585994962587,0.8901834490092236,0.8627606369987464,,,,,140082025.65,135011056.23809522,,
2022-02-04,0.9399999976158142,0.9700000286102296,0.9399999976158142,0.959999978542328,0.9265941381454468,181080982,,,,0.9394904279462652,0.9209673022625511,0.8929213521281689,0.863728192635996,,,,,135450846.35,137105143.77272728,,
2022-02-07,0.949999988079071,0.9700000286102296,0.949999988079071,0.959999978542328,0.9265941381454468,139506035,,,,0.9446178155952809,0.9246847000034821,0.8955518864973516,0.8646861208539696,,,,,132120592.5,137209530.3478261,,
2022-02-08,0.959999978542328,0.9700000286102296,0.949999988079071,0.9700000286102296,0.9362462162971495,189926707,,,,0.950963368849018,0.9290004455850772,0.8984714214821704,0.8657340204336339,,,,,136140350.95,139406079.375,,
2022-02-09,0.9700000286102296,0.9800000190734864,0.959999978542328,0.9700000286102296,0.9362462162971495,171270334,,,,0.9557225337893209,0.932905167777949,0.9012764648989571,0.866771493151809,,,,,135983698.85,140680649.56,,
2022-02-10,0.9800000190734864,0.9800000190734864,0.959999978542328,0.9800000190734864,0.9458982348442078,139875484,0.012091269166703111,,,0.9617919051103623,0.9373903917108574,0.9043636631018798,0.8678981451510297,,,,,138667162.9,140649681.65384614,,
2022-02-11,0.9800000190734864,1.0,0.9700000286102296,0.9900000095367432,0.955550253391266,224973954,0.01370385814141295,,,0.9688439312169574,0.9424008315037988,0.9077219511973647,0.8691130890752656,,,,,140263162.65,143772802.85185185,,
2022-02-14,0.9900000095367432,0.9900000095367432,0.9700000286102296,0.9700000286102296,0.9362462162971495,175040039,0.013371426215550986,,,0.9691329555652755,0.9450293264663161,0.9101642287429672,0.8701169392198922,,,,,140931987.7,144889489.85714287,,
2022-02-15,0.9700000286102296,0.9900000095367432,0.9700000286102296,0.9700000286102296,0.9362462162971495,108749096,0.012956551236100622,,,0.969349723826514,0.9474074885752602,0.9125107306985462,0.8711108008058658,,,,,139489798.9,143643269.37931034,,
2022-02-16,0.9700000286102296,0.9900000095367432,0.9700000286102296,0.9800000190734864,0.9458982348442078,66110174,0.013208595207788831,,,0.972012297638257,0.9505115390989008,0.9151573694583477,0.8721942756144988,,,,,140516083.85,141058832.86666667,,
2022-02-17,0.9700000286102296,0.9800000190734864,0.9700000286102296,0.9800000190734864,0.9458982348442078,41909467,0.013252412968566052,,,0.9740092279970644,0.9533199657631471,0.9177002184628629,0.8732669695792649,,,,,139344007.35,137860466.22580644,,
2022-02-18,0.9800000190734864,0.9800000190734864,0.959999978542328,0.9700000286102296,0.9362462162971495,76476122,0.012397241522392743,,,0.9730069281503556,0.954908543177155,0.9197511914098184,0.874229487579573,,,,,135901630.35,135942205.46875,,
2022-02-21,0.9700000286102296,0.9700000286102296,0.959999978542328,0.959999978542328,0.9265941381454468,78256427,0.010845095131357452,,,0.9697551907483487,0.955393441783362,0.9213295752189364,0.8750829253005955,,,,,132719810.1,134194151.57575758,,
2022-02-22,0.959999978542328,0.959999978542328,0.9399999976158142,0.949999988079071,0.9169421195983888,170811083,0.00876180338976762,0.011601281127926154,-0.0028394777381585343,0.9648163900810293,0.9548797795258105,0.9224539051350201,0.8758283687113266,,0.949999988079071,,,127535413.95,135271120.1470588,,0.949999988079071
2022-02-23,0.949999988079071,0.959999978542328,0.9300000071525574,0.9399999976158142,0.9072901606559752,108640636,0.0062831436042207756,0.010409709605156572,-0.0041265660009357965,0.9586122919647255,0.9534626574391442,0.9231419871930906,0.876466892382018,,,,,124779148.25,134510249.17142856,,
2022-02-24,0.9399999976158142,0.9399999976158142,0.9100000262260436,0.9200000166893004,0.8879861235618591,212698672,0.0027679364496853154,0.008737733303342776,-0.00596979685365746,0.9489592231458692,0.9502757392724924,0.9230187726635303,0.876900057798011,,,,0.9200000166893004,125491443.95,136682149.80555555,,
2022-02-25,0.9200000166893004,0.9399999976158142,0.8999999761581421,0.9100000262260436,0.878334105014801,164009841,-0.0007694103028046406,0.006695997570950072,-0.007465407873754713,0.9392194239159128,0.9464399570775925,0.9225082335875504,0.8772294107176929,,,,,127780575.65,137420736.05405405,,
2022-02-28,0.8999999761581421,0.9200000166893004,0.8999999761581421,0.9100000262260436,0.878334105014801,118629184,-0.0035285378630878217,0.004532130641656587,-0.00806066850474441,0.9319145744934456,0.9429694874726832,0.922017715651805,0.8775554864938955,,,,,126802249.0,136926221.52631578,,
2022-03-01,0.9100000262260436,0.9300000071525574,0.8999999761581421,0.9200000166893004,0.8879861235618591,135120506,-0.004886082740265252,0.0025618333750812242,-0.007447916115346476,0.9289359350424093,0.9407819188266467,0.9219385902022951,0.8779778201276807,,,,,129170912.25,136879921.12820512,,
2022-03-02,0.9100000262260436,0.9200000166893004,0.8999999761581421,0.9100000262260436,0.878334105014801,85038576,-0.006656467092056806,0.0006509396871139785,-0.007307406779170784,0.9242019578383179,0.9378503100075417,0.9214704112228342,0.8782964490440823,,,,,129406165.95,135583887.5,,
2022-03-03,0.9100000262260436,0.9200000166893004,0.8999999761581421,0.9200000166893004,0.8879861235618591,68590250,-0.00719957426158202,-0.0009646375594091576,-0.006234936702172862,0.9231514725510636,0.9361502820724712,0.9214127486921075,0.8787114099161741,,,,,132835678.45,133949896.34146342,,
2022-03-04,0.9100000262260436,0.9100000262260436,0.8799999952316284,0.8799999952316284,0.8493779897689819,161173106,-0.010616881940134104,-0.00293955768322261,-0.007677324256911494,0.9123636032212048,0.9308026357066767,0.9197887191446378,0.8787242316606065,,,,,131840284.65,134598068.0,,
2022-03-07,0.8799999952316284,0.8899999856948853,0.8399999737739563,0.8500000238418579,0.8204219341278076,269322506,-0.015483119404599122,-0.0054942920301085775,-0.009988827374490545,0.8967727083763681,0.9231071488624082,0.9170519075641367,0.8784384186474847,,,,,138331108.2,137731194.4651163,,
2022-03-08,0.8600000143051147,0.8600000143051147,0.8299999833106995,0.8399999737739563,0.8107698559761047,211701822,-0.01988874928305584,-0.008415279344313412,-0.011473469938742428,0.8825795247257652,0.9151921798063652,0.9140302631017767,0.878055946559191,,,,,139419863.95,139412345.0909091,,
2022-03-09,0.8399999737739563,0.8600000143051147,0.8199999928474426,0.8399999737739563,0.8107698559761047,235108849,-0.02311080001800081,-0.011388664273312055,-0.011722135744688755,0.8719346369878129,0.9080310173270882,0.9111271145006857,0.8776772801633179,,,,,142611789.7,141538934.06666666,,
2022-03-10,0.8600000143051147,0.8600000143051147,0.8500000238418579,0.8600000143051147,0.8300739526748657,145891058,-0.023816803275733545,-0.01389743136604646,-0.009919371909687084,0.8689509813171383,0.9034566360869003,0.9091221301792908,0.877501386970699,,,,,142912568.4,141633545.45652175,,
2022-03-11,0.8500000238418579,0.8500000238418579,0.8299999833106995,0.8399999737739563,0.8107698559761047,189295489,-0.025652923352176393,-0.016266006764953617,-0.009386916587222776,0.8617132294313428,0.8974131444380485,0.9064114573790816,0.8771282385806817,,,,,141128645.15,142647629.3617021,,
2022-03-14,0.8399999737739563,0.8399999737739563,0.8100000023841858,0.8199999928474426,0.7914658784866333,216926234,-0.028356127523892716,-0.018698389168159465,-0.009657738355733251,0.8512849202853677,0.8900404633341813,0.9030227724954879,0.8765597983246296,,,,,143222954.9,144195100.29166666,,
2022-03-15,0.8100000023841858,0.8199999928474426,0.7400000095367432,0.7599999904632568,0.7335537075996399,598565241,-0.034833122828810015,-0.02194064703014584,-0.012892475798664173,0.82846368782984,0.8776556563940933,0.8974140359452043,0.8753999992414319,,,,,167713762.15,153467960.30612245,,
2022-03-16,0.7699999809265137,0.7900000214576721,0.7400000095367432,0.7900000214576721,0.762509822845459,326306646,-0.03716193943854951,-0.02499645000907935,-0.012165489429470159,0.8188477712367981,0.8693075006858627,0.8932017216515756,0.874550248218708,,,,,180723585.75,156924734.02,,
2022-03-17,0.800000011920929,0.8399999737739563,0.7900000214576721,0.8399999737739563,0.8107698559761047,353846237,-0.03464566577450601,-0.02693214343657307,-0.0077135223379329355,0.8241358218710877,0.8665163076466336,0.8911153785975514,0.874206464393387,,,,,196320424.25,163329825.4,,
2022-03-18,0.8399999737739563,0.8999999761581421,0.8199999928474426,0.8899999856948853,0.85903000831604,1030813345,-0.028357918556114803,-0.02721798959408191,-0.0011399289620328927,0.8406018628270371,0.8687528484131337,0.8910716376994077,0.8743636138590736,,,,,244037285.4,178472000.94,,
2022-03-21,0.8999999761581421,0.8999999761581421,0.8799999952316284,0.8799999952316284,0.8493779897689819,138422313,-0.02389404267246764,-0.02655191182798416,0.00265786915551652,0.850451395928185,0.8698240052529903,0.8906374556418477,0.8744196972558155,0.8799999952316284,,,,247045579.7,177118224.96,0.8799999952316284,
2022-03-22,0.8899999856948853,0.8999999761581421,0.8799999952316284,0.8999999761581421,0.8686820268630981,119477928,-0.018552333595498904,-0.024949516594964968,0.006397182999466063,0.8628385409856743,0.8726979072439571,0.8910046133091535,0.8746742273941471,,,,,244478921.95,177317152.76,,
2022-03-23,0.8999999761581421,0.8999999761581421,0.8700000047683716,0.8799999952316284,0.8493779897689819,129961890,-0.015730154899676108,-0.023103358823282794,0.007373203923606686,0.8671289045471628,0.8733933441951639,0.8905730596590545,0.874727220108948,,,,,245544984.65,176428323.04,,
2022-03-24,0.8799999952316284,0.8999999761581421,0.8700000047683716,0.8899999856948853,0.85903000831604,149873686,-0.012552075956496211,-0.020991010281255797,0.008438934324759586,0.8728466748340935,0.8749749290998993,0.8905505861702636,0.8748791879257235,,,,,242403735.35,177701672.7,,
2022-03-25,0.8899999856948853,0.8899999856948853,0.8500000238418579,0.8600000143051147,0.8300739526748657,152728510,-0.012284750184063498,-0.019248377605969334,0.006963627421905837,0.8696350097018488,0.8735487467384913,0.8893525245284931,0.8747311364469116,,,,,241839668.8,176895163.72,,
2022-03-28,0.8600000143051147,0.8700000047683716,0.8500000238418579,0.8700000047683716,0.8397259712219238,78588380,-0.01114591883939231,-0.017626858092561704,0.006480939253169393,0.8697262584684795,0.8732107713127656,0.888593602184959,0.8746840605098117,,,,,239837628.6,175233660.56,,
2022-03-29,0.8700000047683716,0.8799999952316284,0.8600000143051147,0.8700000047683716,0.8397259712219238,57780740,-0.01012657930472749,-0.01612604133048715,0.005999462025759659,0.8697946950434525,0.8729049840228233,0.8878644415019555,0.8746374529899964,,,,,235970640.3,173637417.92,,
2022-03-30,0.8700000047683716,0.8999999761581421,0.8700000047683716,0.8899999856948853,0.85903000831604,164205849,-0.007631684416709916,-0.014426480523963217,0.0067947961072533005,0.8748460177063107,0.8745330794201626,0.8879481883330508,0.8747903140119356,,,,,239929003.95,176009845.4,,
2022-03-31,0.8799999952316284,0.8899999856948853,0.8700000047683716,0.8799999952316284,0.8493779897689819,100979643,-0.006381083560568657,-0.012816878785656226,0.0064357952250875695,0.87613451208764,0.8750537380688735,0.8876364944859362,0.8748421516360122,,,,,241548473.6,176722418.32,,
2022-04-01,0.8700000047683716,0.8899999856948853,0.8600000143051147,0.8799999952316284,0.8493779897689819,131524152,-0.005328566184251704,-0.011318827348986897,0.005990261164735193,0.8771008828736371,0.875524810179612,0.8873370239269438,0.8748934734628343,,,,,240066025.9,176446428.12,,
2022-04-04,0.8799999952316284,0.8999999761581421,0.8799999952316284,0.8899999856948853,0.85903000831604,80914746,-0.003651324799843203,-0.00978500827740028,0.006133683477557076,0.8803256585789492,0.8769033983239237,0.8874414538001965,0.8750437870173821,,,,,230645637.9,175226866.4,,
2022-04-06,0.8799999952316284,0.9200000166893004,0.8799999952316284,0.9100000262260436,0.878334105014801,336774805,-0.0007110325585637511,-0.007969911548959662,0.007258878990395911,0.8877442504907228,0.8800554581241257,0.8883261036992492,0.8753916102930902,,,,,236899287.05,176472382.38,,
2022-04-07,0.9100000262260436,0.9300000071525574,0.8999999761581421,0.9100000262260436,0.878334105014801,166063033,0.001600527247317629,-0.006055569329977106,0.007656096577294735,0.893308194424553,0.8829073217528798,0.8891760614453981,0.8757359726406818,,,,,233446996.25,176518324.04,,
2022-04-08,0.9100000262260436,0.9300000071525574,0.9100000262260436,0.9200000166893004,0.8879861235618591,44828624,0.0041862839875213,-0.00400698082318182,0.00819326481070312,0.8999811499907399,0.8864399593658723,0.8903848440039825,0.8761764108899218,,,0.9200000166893004,,228393874.55,173445841.36,,
2022-04-11,0.9200000166893004,0.9200000166893004,0.8899999856948853,0.8999999761581421,0.8686820268630981,180575814,0.004577364593720157,-0.00228996567230653,0.006867330266026686,0.8999858565325904,0.8877313895365646,0.8907619080100281,0.8764134612906007,,,,,227957890.8,174692813.5,,
2022-04-12,0.8999999761581421,0.9100000262260436,0.8999999761581421,0.9100000262260436,0.878334105014801,75953806,0.005625309971355796,-0.0007068027990921212,0.006332112770447917,0.9024893989559537,0.8898522120784198,0.8915163440184993,0.8767476559665753,,,,,220909269.4,173447975.28,,
2022-04-13,0.8999999761581421,0.9200000166893004,0.8999999761581421,0.9100000262260436,0.878334105014801,72371564,0.006382145220509505,0.0007110640008395093,0.005671081219669996,0.9043670557734762,0.8917710515210507,0.8922411943011481,0.8770785253223911,,,,,194599585.55,173140461.74,,
2022-04-14,0.9100000262260436,0.9200000166893004,0.9100000262260436,0.9100000262260436,0.878334105014801,44052297,0.006902292480154615,0.001949363632258311,0.004952928847896304,0.9057752983866181,0.8935071443500977,0.8929376190825166,0.8774061024458105,,,,,180486868.1,172414837.64,,
2022-04-19,0.9100000262260436,0.9200000166893004,0.8999999761581421,0.9200000166893004,0.8879861235618591,106556360,0.008025665280135375,0.0031646663089514296,0.004860998971183945,0.9093314779622887,0.8960302750490694,0.8939988895769003,0.8778299224880344,,,,,168122374.25,174545964.84,,
2022-04-20,0.9200000166893004,0.9300000071525574,0.9100000262260436,0.9200000166893004,0.8879861235618591,84181644,0.008814243337759486,0.0042946132130355355,0.004519630124723951,0.9119986126440417,0.8983131075862343,0.895018541620524,0.8782495254154102,,,,,120790789.2,172607978.08,,
2022-04-21,0.9200000166893004,0.9300000071525574,0.8999999761581421,0.8999999761581421,0.8686820268630981,84330670,0.007741484368775753,0.004984002818085503,0.0027574815506902495,0.9089989535225668,0.8984737617359397,0.8952138919945483,0.8784659478108604,,,,,118086207.05,171504470.78,,
2022-04-22,0.8999999761581421,0.9100000262260436,0.8899999856948853,0.9100000262260436,0.878334105014801,102674478,0.00760800454558741,0.005508812526503953,0.0020991920190834568,0.909249221698436,0.8995715012111878,0.8957937403957834,0.8787797197353896,,,,,117246034.55,169759426.2,,
2022-04-25,0.8999999761581421,0.9100000262260436,0.8700000047683716,0.8700000047683716,0.8397259712219238,147940597,0.004235035142536314,0.005254053413666865,-0.0010190182711305512,0.8994369174659199,0.8967551682166338,0.8947822213515711,0.8786923593874592,,0.8700000047683716,,,118144969.9,169292831.46,,0.8700000047683716
2022-04-26,0.8700000047683716,0.8799999952316284,0.8600000143051147,0.8700000047683716,0.8397259712219238,127346272,0.001544205920317343,0.004512075443106189,-0.002967869522788846,0.8920776892915329,0.8942070574120374,0.8938103697208575,0.878605868296722,,,,,117018599.2,169042247.22,,
2022-04-27,0.8600000143051147,0.8799999952316284,0.8600000143051147,0.8799999952316284,0.8493779897689819,96169722,0.00021421245080632811,0.003652494992907245,-0.003438282542100917,0.8890582657765568,0.8928540038710461,0.8932687864075545,0.8786197402065221,,,,0.8799999952316284,114190659.8,166466162.58,,
2022-04-28,0.8799999952316284,0.8999999761581421,0.8700000047683716,0.8999999761581421,0.8686820268630981,110674065,0.0007615607515344403,0.0030743039194966815,-0.0023127431679622413,0.8917936933719531,0.8935345726602932,0.8935327546330678,0.8788324788727074,,,,,115794944.05,165178843.1,,
2022-04-29,0.8999999761581421,0.9300000071525574,0.8899999856948853,0.9200000166893004,0.8879861235618591,208380992,0.002773753706065918,0.0030141935254047714,-0.00024043981933885355,0.89884527420129,0.8960550911392463,0.8945706864784103,0.8792421061146636,,,,,123324956.65,167171481.02,,
2022-05-03,0.9100000262260436,0.9200000166893004,0.8999999761581421,0.9200000166893004,0.8879861235618591,83477745,0.0043185974152943896,0.0032750755234769906,0.001043521891817399,0.9041339598232927,0.8983355602392515,0.8955679151141316,0.879647657463665,,,,,119288551.45,167518832.44,,
2022-05-04,0.9100000262260436,0.9100000262260436,0.8899999856948853,0.9100000262260436,0.878334105014801,74370100,0.004683420707235819,0.00355674561408168,0.001126675093154139,0.9056004764239804,0.8994464617618032,0.8961338802557752,0.8799496710831912,,,,,117958074.3,168168045.1,,
2022-05-05,0.9100000262260436,0.9100000262260436,0.8899999856948853,0.8999999761581421,0.8686820268630981,71034670,0.004119479215269672,0.0036692926711901054,0.000450186544079567,0.9042003513575209,0.8994991774185974,0.8962854918597897,0.8801491766063252,,,,,114933600.2,168059216.06,,
2022-05-06,0.8899999856948853,0.8999999761581421,0.8799999952316284,0.8799999952316284,0.8493779897689819,65911361,0.0020377493388878953,0.003342983223373767,-0.0013052338844858715,0.8981502623260478,0.8976421124484099,0.8956468449331951,0.8801476922145371,,0.8799999952316284,,,114183430.95,167812314.74,,0.8799999952316284
2022-05-10,0.8799999952316284,0.9100000262260436,0.8700000047683716,0.8899999856948853,0.85903000831604,213400456,0.001180133571566877,0.00291041246437144,-0.001730278892804563,0.8961126931682571,0.896914290852836,0.8954253994728693,0.8802457249854859,,,,,108014713.5,168664102.2,,
2022-05-11,0.8999999761581421,0.9200000166893004,0.8899999856948853,0.8999999761581421,0.8686820268630981,125754707,0.0012914238233081576,0.0025866142399394486,-0.001295190416631291,0.8970845139157284,0.8972081656438176,0.8956047946369977,0.8804422846986468,,,,,105999297.2,169006383.62,,
2022-05-12,0.8899999856948853,0.8999999761581421,0.8700000047683716,0.8899999856948853,0.85903000831604,141343989,0.0005671650409876383,0.002182723904980977,-0.0016155588639933387,0.8953133818605177,0.8965216723153477,0.8953849982078953,0.880537386201097,,,,,110825065.45,167579289.96,,
2022-05-13,0.8999999761581421,0.8999999761581421,0.8899999856948853,0.8899999856948853,0.85903000831604,122278252,-6.730256326137329e-06,0.001744832643237054,-0.0017515628995631914,0.8939850328191096,0.8959005593038751,0.8951738212466008,0.8806315414199407,,,,,107910187.35,166744658.18,,
2022-05-16,0.8799999952316284,0.8799999952316284,0.8500000238418579,0.8600000143051147,0.8600000143051147,52783723,-0.0028468955687090958,0.0008264862802786307,-0.0036733818489877263,0.8854887781906109,0.8924814597801837,0.8937944562685034,0.8804262525929276,,,,,106751683.2,165427748.96,,
2022-05-17,0.8700000047683716,0.8799999952316284,0.8600000143051147,0.8799999952316284,0.8799999952316284,78284024,-0.0034457500001212615,-2.7961512146919558e-05,-0.003417788487974342,0.8841165824508652,0.8912927488707975,0.8932534970121554,0.8804220112261485,,,,,107047306.2,164291019.32,,
2022-05-18,0.8799999952316284,0.8999999761581421,0.8600000143051147,0.8899999856948853,0.8899999856948853,186436898,-0.003078665941496306,-0.0006381027044102636,-0.0024405632370860424,0.8855874332618703,0.8911696285683296,0.8931259083330467,0.8805173144546932,,,,,114166536.25,166318985.76,,
2022-05-19,0.8899999856948853,0.8999999761581421,0.8799999952316284,0.8899999856948853,0.8899999856948853,158821400,-0.0027559783266164484,-0.0010616779990163144,-0.001694300327600134,0.8866905713701241,0.8910582340089539,0.8930033231315502,0.8806116693924065,,,,,116779788.25,168123608.76,,
2022-05-20,0.8899999856948853,0.9100000262260436,0.8899999856948853,0.9100000262260436,0.9100000262260436,146455610,-0.0008775539576884039,-0.0010248531789156913,0.0001472992212272874,0.8925179350841039,0.8928622142201054,0.8936698605078048,0.8809040908534378,0.9100000262260436,,,,119893486.55,167829258.84,0.9100000262260436,
2022-05-23,0.9100000262260436,0.9100000262260436,0.8899999856948853,0.9100000262260436,0.9100000262260436,95929538,0.0006041339134950086,-0.0006990556766677272,0.0013031895901627357,0.8968884578695888,0.8944943867920996,0.894310259163422,0.8811936026481901,,,,,120473429.95,164361399.48,,
2022-05-24,0.8999999761581421,0.9100000262260436,0.8899999856948853,0.9100000262260436,0.9100000262260436,160474379,0.001758104846675046,-0.00020762347091743082,0.001965728317592477,0.9001663499587025,0.8959711143572372,0.8949255441462699,0.8814802337285669,,,,,123363425.0,163336850.62,,
2022-05-25,0.9100000262260436,0.9200000166893004,0.8999999761581421,0.9200000166893004,0.9200000166893004,133055620,0.00343939352258138,0.0005217800478060127,0.002917613474775367,0.905124766641352,0.8982595812460051,0.8959088567950163,0.8818635151510618,,,,,122619176.15,161295786.04,,
2022-05-26,0.9100000262260436,0.9200000166893004,0.9100000262260436,0.9200000166893004,0.9200000166893004,106265095,0.004717433572823171,0.001360910863272931,0.00335652270955024,0.9088435791533391,0.9003300989072713,0.8968536081634196,0.8822429828280592,,,,,121565117.3,160503266.78,,
2022-05-27,0.9200000166893004,0.9300000071525574,0.9100000262260436,0.9200000166893004,0.9200000166893004,86955605,0.005664975471129874,0.00222172387549851,0.0034432515956313637,0.9116326885373295,0.9022034244103218,0.8977613104585522,0.8826186747072756,,,,,121104411.45,158456469.1,,
2022-05-30,0.9200000166893004,0.9399999976158142,0.9100000262260436,0.9300000071525574,0.9300000071525574,176437214,0.00714011071172771,0.003205401325619011,0.003934709386108699,0.9162245181911365,0.9048507180048204,0.8990255730740034,0.8830901307515073,,,0.9300000071525574,,124392568.9,157646688.7,,
2022-05-31,0.9200000166893004,0.9300000071525574,0.9200000166893004,0.9200000166893004,0.9200000166893004,269303609,0.007417105468059515,0.004047742210880775,0.0033693632571787403,0.9171683928156775,0.9062935083557233,0.8998481002746034,0.8834573932981521,,,,,127438699.75,151061456.06,,
2022-06-01,0.9200000166893004,0.9399999976158142,0.9200000166893004,0.9399999976158142,0.9399999976158142,171164734,0.009144358197743951,0.00506706546321521,0.004077292734528741,0.9228762940157117,0.9095036501900177,0.9014226844840627,0.8840200062764373,,,,,131823049.2,147958617.82,,
2022-06-02,0.9399999976158142,0.9399999976158142,0.9300000071525574,0.9399999976158142,0.9399999976158142,76931004,0.010393396140086608,0.006132331644540721,0.0042610644955458875,0.9271572199157373,0.9124080642305697,0.902935520293151,0.8845770211156351,,,,,131951094.4,142420313.16,,
2022-06-06,0.9300000071525574,0.949999988079071,0.9300000071525574,0.949999988079071,0.949999988079071,165987678,0.012050963548992377,0.00731605806627995,0.0047349054827124275,0.9328679119565707,0.9159882474542365,0.9047811856965204,0.8852279959112912,,,,,136698744.8,125123799.82,,
2022-06-07,0.949999988079071,0.9700000286102296,0.9399999976158142,0.9700000286102296,0.9700000286102296,213787414,0.014807191498026229,0.00881428479399073,0.005992906704035499,0.9421509411199854,0.9211322266119502,0.907338787379411,0.886071498724216,,,,,144092547.45,126631101.84,,
2022-06-08,0.9700000286102296,0.9800000190734864,0.959999978542328,0.9700000286102296,0.9700000286102296,103764005,0.01679786915942394,0.010411001702341804,0.006386867457082135,0.9491132129925465,0.9257863029927387,0.9097960909570901,0.8869066084743256,,,,,138610724.9,126316823.38,,
2022-06-09,0.9800000190734864,0.9800000190734864,0.949999988079071,0.949999988079071,0.949999988079071,175388624,0.01657108698549481,0.011643018780740262,0.004928068204754547,0.9493349067641776,0.928092368239056,0.9113727143736384,0.8875344032962633,,,,,141092420.75,127225358.06,,
2022-06-10,0.949999988079071,0.959999978542328,0.9399999976158142,0.959999978542328,0.959999978542328,119996886,0.0170020645921356,0.01271482795816911,0.004287236633966492,0.9520011747087151,0.9311311882679392,0.9132796659096655,0.8882554537962243,,,,,140025065.6,126627822.06,,
2022-06-13,0.949999988079071,0.959999978542328,0.9300000071525574,0.9399999976158142,0.9399999976158142,118433768,0.015550913474523087,0.013282045067853894,0.0022688684066691934,0.9490008804354899,0.9319758367772606,0.9143275220550047,0.8887703248790063,,,,,139832841.4,125941927.22,,
2022-06-14,0.9399999976158142,0.949999988079071,0.9300000071525574,0.949999988079071,0.949999988079071,64051135,0.015034288216496106,0.013632493700752587,0.0014017945157435187,0.9492506573463853,0.9336924226155282,0.9157264422912426,0.8893795752591065,,,,,140396212.0,125651182.32,,
2022-06-15,0.949999988079071,0.959999978542328,0.9399999976158142,0.949999988079071,0.949999988079071,96092317,0.014458189140774902,0.013797632789952163,0.0006605563508227386,0.9494379900295566,0.9352455240882466,0.9170705029103732,0.8899827634463698,,,,,141286626.65,126417413.86,,
2022-06-16,0.949999988079071,0.9700000286102296,0.9399999976158142,0.949999988079071,0.949999988079071,91494790,0.0138420596820793,0.013806518168429031,3.55415136502682e-05,0.9495784895419352,0.9366507111349918,0.91836185526993,0.8905799497611231,,,,,136539521.25,124963192.68,,
2022-06-17,0.9399999976158142,0.959999978542328,0.9399999976158142,0.9399999976158142,0.9399999976158142,143787639,0.012404013788296253,0.013526017291103285,-0.001122003502807032,0.947183866560405,0.936969690799832,0.9192104098717293,0.8910716915308216,,0.9399999976158142,,,135787833.2,125819352.6,,
2022-06-20,0.9399999976158142,0.949999988079071,0.9300000071525574,0.9399999976158142,0.9399999976158142,33307990,0.011135981976426623,0.013048010226396768,-0.001912028249970145,0.9453878993242573,0.9372582914489731,0.9200256878224777,0.8915585403475876,,,,,130130452.2,123855029.36,,
2022-06-21,0.9399999976158142,0.949999988079071,0.9300000071525574,0.9399999976158142,0.9399999976158142,34254570,0.010015602784352429,0.012441528736190121,-0.0024259259518376926,0.9440409238971466,0.9375194063220056,0.9208089940888831,0.8920405448975203,,,,,127046703.8,122921825.84,,
2022-06-22,0.9399999976158142,0.949999988079071,0.9300000071525574,0.949999988079071,0.949999988079071,103715221,0.009821279250594617,0.011917478837828276,-0.0020961995872336592,0.9455306899426277,0.9387080331560118,0.9219537389512434,0.8926172557749487,,,,,124208745.9,118260634.16,,
2022-06-23,0.9399999976158142,0.959999978542328,0.9399999976158142,0.949999988079071,0.949999988079071,104426400,0.009557105895079077,0.011445404248382845,-0.0018882983533037682,0.9466480144767385,0.9397834574343984,0.9230535918582171,0.8931882282356862,,,,,122777284.9,117027901.5,,
2022-06-24,0.959999978542328,0.959999978542328,0.9399999976158142,0.949999988079071,0.949999988079071,113306758,0.009241217726756679,0.011004566943388548,-0.0017633492166318696,0.9474860078773216,0.9407564603529386,0.9241103132786428,0.8937535193784064,,,,,123129368.05,118397464.18,,
2022-06-27,0.949999988079071,0.9900000095367432,0.949999988079071,0.9700000286102296,0.9700000286102296,296590235,0.01048367518146831,0.010900388590878012,-0.00041671340940970143,0.9531145130605486,0.9435415620917282,0.9259099099583129,0.8945121911120565,,,,,133611099.55,120717752.6,,
2022-06-28,0.9700000286102296,0.9900000095367432,0.949999988079071,0.9800000190734864,0.9800000190734864,284298022,0.01213527079293053,0.011147365031528413,0.0009879057614021174,0.9598358895637831,0.9470137960899909,0.9280310907079276,0.8953628162659016,,,,,139004139.95,124884636.92,,
2022-06-29,0.9800000190734864,0.9900000095367432,0.959999978542328,0.9800000190734864,0.9800000190734864,179655130,0.013290958418902266,0.011576083709336325,0.0017148747095659406,0.9648769219412089,0.9501553411360382,0.9300690878987338,0.8962049774878676,,,,,134521716.0,127030308.24,,
2022-06-30,0.9800000190734864,1.0199999809265137,0.9800000190734864,1.0099999904632568,1.0099999904632568,478569665,0.01643788782831823,0.012548444533737178,0.0038894432945810534,0.9761576890717208,0.9558548315481542,0.9332036330973426,0.89733726617419,,,,,149891962.55,135720655.6,,
2022-07-04,1.0099999904632568,1.0199999809265137,1.0,1.0099999904632568,1.0099999904632568,218419457,0.01871609919859818,0.013781975467322842,0.0049341237312753375,0.9846182644196049,0.9610115133495926,0.9362152549548295,0.8984582883064196,,,,,156966385.2,137957917.54,,
2022-07-05,1.0099999904632568,1.0199999809265137,1.0,1.0199999809265137,1.0199999809265137,156559865,0.02108538734441645,0.01524265784332271,0.005842729501093741,0.9934636935463321,0.9666294626426326,0.9395009304831309,0.8996676583822415,,,,,156494994.55,139405481.96,,
2022-07-06,1.0099999904632568,1.0199999809265137,0.9900000095367432,1.0099999904632568,1.0099999904632568,162940456,0.02190371067663477,0.016574868410409147,0.005328842266225622,0.9975977677755633,0.9707599891017397,0.9422655995019594,0.9007654925323014,,,,,153952646.65,140977677.68,,
2022-07-07,1.0099999904632568,1.0199999809265137,0.9900000095367432,1.0199999809265137,1.0199999809265137,148267509,0.023092895920337364,0.017878473912726726,0.005214422007610638,1.0031983210633009,0.9754495121326705,0.9453140066166479,0.9019519053521444,,,,,156177821.85,141889538.3,,
2022-07-08,1.0199999809265137,1.0199999809265137,1.0,1.0099999904632568,1.0099999904632568,59874512,0.022963752597111697,0.018895529649810897,0.0040682229473008,1.00489873841329,0.9787400338784407,0.9478507118655346,0.9030270106766332,,,,,150402116.25,140128216.6,,
2022-07-11,1.0099999904632568,1.0099999904632568,0.9900000095367432,1.0099999904632568,1.0099999904632568,84833598,0.022600874385188097,0.019636598597007105,0.0029642757881809915,1.0061740514257815,0.981717172600804,0.95028793847721,0.9040914184357042,,,,,148643951.85,139277963.12,,
2022-07-12,1.0,1.0199999809265137,1.0,1.0099999904632568,1.0099999904632568,99544884,0.02205900624901369,0.020121080127471585,0.0019379261215421058,1.0071305361851504,0.98441077430199,0.9526295875747022,0.9051452350727943,,,,,147699507.65,139345466.36,,
2022-07-13,1.0099999904632568,1.0199999809265137,0.9900000095367432,1.0,1.0,109264772,0.020585398262394805,0.020213943754465915,0.00037145450792889015,1.0053479021388627,0.9858954624637052,0.9544872508070668,0.9060890635795327,,,,,149960189.5,139317280.5,,
2022-07-14,1.0,1.0099999904632568,0.9900000095367432,1.0099999904632568,1.0099999904632568,61406328,0.019993953501807216,0.020169945703930506,-0.00017599220212329014,1.0065109242199612,0.9881911317969958,0.9566642209896625,0.9071230031505151,,1.0099999904632568,,,148225890.05,136377787.22,,
2022-07-15,1.0099999904632568,1.0199999809265137,0.9900000095367432,1.0,1.0,85276882,0.01850503165596651,0.019836962894315482,-0.001331931238348974,1.0048831931649709,0.9893157859115677,0.9583636633037934,0.908047152372898,,,,,147914994.65,136413769.96,,
2022-07-18,1.0,1.0199999809265137,0.9900000095367432,1.0099999904632568,1.0099999904632568,93426251,0.01792530220127342,0.019454630755686653,-0.001529328554413234,1.0061623924895424,0.9912857101545857,0.960388617310047,0.9090616084732996,,,,,145396925.25,136794892.98,,
2022-07-19,1.0099999904632568,1.0399999618530271,1.0099999904632568,1.0399999618530271,1.0399999618530271,247007079,0.01965989431856152,0.01949568346826338,0.00016421085029814236,1.0146217848304135,0.9959251626972944,0.9635106308215364,0.9103644776611577,,,,,156081879.7,140314341.16,,
2022-07-20,1.0399999618530271,1.0499999523162842,1.0199999809265137,1.0199999809265137,1.0199999809265137,165671834,0.019199472107091275,0.019436441196026933,-0.00023696908893565752,1.0159663338544385,0.9982180025286486,0.9657258994531042,0.9114553781911613,,,,,162652742.9,142309550.62,,
2022-07-21,1.0199999809265137,1.0199999809265137,1.0,1.0199999809265137,1.0199999809265137,92462664,0.018619944096470387,0.019273141776111162,-0.0006531976796407754,1.0169747456224574,1.0002924766617787,0.9678542948050026,0.912535423989523,,,,,162090115.05,139890794.78,,
2022-07-22,1.0199999809265137,1.0299999713897705,1.0099999904632568,1.0299999713897705,1.0299999713897705,97386681,0.01875140128204389,0.019168793677295425,-0.00041739239525153543,1.0202310520642857,1.0031217618739683,0.970291380161268,0.9137042254561922,,,,,161738129.1,139323434.26,,
2022-07-25,1.0299999713897705,1.0299999713897705,1.0099999904632568,1.0199999809265137,1.0199999809265137,37858946,0.017843003715675487,0.018903635684966794,-0.0010606319692913063,1.0201732842798426,1.0047292113075441,0.9722407370540228,0.9147618946648522,,,,,157965738.5,137253733.4,,
2022-07-26,1.0099999904632568,1.0199999809265137,1.0099999904632568,1.0099999904632568,1.0099999904632568,57931489,0.016130256052018233,0.018348959758369317,-0.002218703706351084,1.0176299608256962,1.0052311902747548,0.9737214920896791,0.9157095374091151,,,,,146032801.2,135966798.14,,
2022-07-27,1.0099999904632568,1.0199999809265137,1.0,1.0099999904632568,1.0099999904632568,69151414,0.014604538870013228,0.017600075580689715,-0.0029955367106764864,1.0157224682350865,1.0056853617212789,0.9751441783004077,0.9166477508723405,,,,,135275470.8,136294151.96,,
2022-07-28,1.0099999904632568,1.0199999809265137,1.0,1.0199999809265137,1.0199999809265137,60202122,0.014040445968228621,0.016888149658191118,-0.002847703689962497,1.0167918464079433,1.0070486587884442,0.9769032293837844,0.9176761312708895,,,,,129302820.4,135932513.92,,
2022-07-29,1.0199999809265137,1.0199999809265137,1.0,1.0099999904632568,1.0099999904632568,99211768,0.01264078282644654,0.016038676291836113,-0.003397893465389573,1.0150938824217717,1.0073297379955692,0.9782011415829794,0.9185947766359878,,,,,110334925.55,134188011.32,,
2022-08-01,1.0099999904632568,1.0099999904632568,1.0,1.0099999904632568,1.0099999904632568,49575552,0.011400125979475373,0.015110966229358647,-0.0037108402498832738,1.013820409432143,1.0075840477543967,0.979448155264559,0.9195042812511846,,,,,101892730.3,132003094.36,,
2022-08-02,1.0099999904632568,1.0099999904632568,0.9800000190734864,0.9800000190734864,0.9800000190734864,153662211,0.007905065033683822,0.013669785990217072,-0.005764720956533249,1.0053653118424788,1.0049569974038337,0.9794697969825561,0.9201062288912075,,,,,101747847.6,132147226.38,,
2022-08-03,0.9900000095367432,0.9900000095367432,0.9800000190734864,0.9900000095367432,0.9900000095367432,60299909,0.005874391266281975,0.012110707045424333,-0.0062363157791423575,1.001523986266045,1.0035325223688727,0.979882746494485,0.9208016893951432,,,,,96615820.25,131434633.8,,
2022-08-04,0.9900000095367432,1.0,0.9800000190734864,0.9900000095367432,0.9900000095367432,61359231,0.004216463056093134,0.010531858247553458,-0.006315395191460325,0.9986429920837195,1.0022437116229554,0.9802795019079069,0.9214902298940646,,,,0.9900000095367432,92270406.35,129452330.84,,
2022-08-05,1.0,1.0099999904632568,0.9900000095367432,1.0,1.0,64385578,0.003667175199715489,0.00915892163798264,-0.0054917464382671505,0.9989822440627897,1.0020300248017215,0.9810528547742635,0.9222714216364122,,,,,92495959.65,128078930.0,,
2022-08-08,1.0,1.0099999904632568,0.9900000095367432,1.0099999904632568,1.0099999904632568,33235390,0.003992740550070262,0.008125685420398222,-0.00413294487032796,1.0017366806629064,1.0027890691504393,0.9821880365659889,0.9231443427192665,,,,,89916049.25,126618335.9,,
2022-08-09,1.0,1.0099999904632568,0.9900000095367432,0.9900000095367432,0.9900000095367432,66327650,0.0026068896941497943,0.007021926275146876,-0.004415036580997082,0.9988025128813656,1.0015710634729444,0.9824943884471949,0.9238095732348632,,,,,88255187.55,126205776.8,,
2022-08-10,0.9900000095367432,1.0,0.9800000190734864,1.0,1.0,104764264,0.0022891127247670617,0.006075363565069775,-0.0037862508403027134,0.9991018846610242,1.001421438380283,0.9831808830178932,0.9245676869340188,,,,,88030162.15,124772317.8,,
2022-08-11,1.0,1.0099999904632568,0.9900000095367432,1.0,1.0,57194700,0.0020140554002343602,0.005263101932101911,-0.003249046531867551,0.9993264134957682,1.0012860632964466,0.9838404562328777,0.9253182572132823,,,,,87819580.75,120530139.62,,
2022-08-12,1.0,1.0,0.9900000095367432,0.9900000095367432,0.9900000095367432,26792730,0.0009778895834513524,0.004406059462371141,-0.0034281698789197885,0.996994812506012,1.0002112010336177,0.9840820073428334,0.9259618567388889,,,,,84895373.15,117642699.54,,
2022-08-15,0.9900000095367432,1.0,0.9900000095367432,0.9900000095367432,0.9900000095367432,39637243,0.0001549347906126819,0.0035558345280189254,-0.0034008997374062435,0.9952461117636948,0.999238706605344,0.9843140858602416,0.9265990522891163,,,,,82205922.75,116896824.32,,
2022-08-16,0.9900000095367432,1.0,0.9800000190734864,1.0,1.0,80007208,0.000306117945108042,0.0029058912114364286,-0.0025997732663283865,0.9964345838227711,0.9993112107381683,0.9849292197480752,0.9273294099777818,,,,,73855929.2,115177214.92,,
2022-08-17,1.0,1.0199999809265137,0.9900000095367432,1.0199999809265137,1.0199999809265137,185451056,0.0020165064218209405,0.0027280142535132607,-0.0007115078316923202,1.0023259330987067,1.001281569803725,0.9863045437158572,0.9282515052111026,,,,,74844890.3,114610487.76,,
2022-08-18,1.0099999904632568,1.0099999904632568,1.0,1.0,1.0,38076728,0.0017381445836980314,0.0025300403195501523,-0.0007918957358521209,1.00174444982403,1.0011595155367035,0.9868416204328824,0.9289654205821364,,,,,72125593.5,113296742.22,,
2022-08-19,1.0,1.0099999904632568,0.9900000095367432,1.0099999904632568,1.0099999904632568,57413248,0.002297962057234537,0.002483624667087018,-0.00018566260985248065,1.0038083349838367,1.0020014655297085,0.9877497918066226,0.9297717347103068,,,,,70126921.85,110937234.7,,
2022-08-22,1.0,1.0199999809265137,0.9900000095367432,1.0099999904632568,1.0099999904632568,127720180,0.0027103778324524264,0.0025289753001601087,0.00018140253229231764,1.0053562488536918,1.002763229809094,0.9886223486166867,0.9305700258123263,,,,,74619983.55,111091700.58,,
2022-08-23,1.0,1.0099999904632568,1.0,1.0,1.0,44508888,0.002204892212116727,0.002464158682551422,-0.0002592664704346953,1.0040171866402687,1.0025000650653708,0.9890685310238755,0.9312608713266315,,1.0,,,73948853.5,109613202.98,,1.0
2022-08-24,1.0,1.0099999904632568,0.9900000095367432,1.0,1.0,84226540,0.0017837294981108975,0.0023280728456633,-0.0005443433475524023,1.0030128899802015,1.0022619636305736,0.9894972160817628,0.9319448427562173,,,,,74702609.8,110016711.08,,
2022-08-25,1.0,1.0099999904632568,0.9900000095367432,0.9900000095367432,0.9900000095367432,62751400,0.0006357148682178959,0.001989601250174184,-0.001353886381956288,0.999759669869337,1.0010941584787802,0.9895169334721542,0.9325225061072673,,,,,74830073.7,109349892.74,,
2022-08-26,1.0,1.0,0.9800000190734864,0.9900000095367432,0.9900000095367432,85363624,-0.0002709713632700339,0.0015374867274853031,-0.001808458090755337,0.9973197547861885,1.0000375728652529,0.9895358776315499,0.933094421564277,,,,,74137666.5,109227269.42,,
2022-08-29,0.9800000190734864,0.9900000095367432,0.9700000286102296,0.9800000190734864,0.9800000190734864,148852934,-0.0017759669961140423,0.0008747959827653904,-0.0026507629788794325,0.992989820858013,0.9981292344088941,0.9891619223939788,0.9335611439275527,,,,,79101535.6,109328575.32,,
2022-08-30,0.9800000190734864,0.9900000095367432,0.9700000286102296,0.9700000286102296,0.9700000286102296,75324171,-0.0037325728075958686,-4.6677775306909934e-05,-0.0036858950322889586,0.9872423727960671,0.995450262428069,0.9884104755789298,0.9339237198945446,,,,,75184633.6,110168898.94,,
2022-08-31,0.9700000286102296,0.9800000190734864,0.9700000286102296,0.9800000190734864,0.9800000190734864,157118442,-0.004425272150299531,-0.0009223966503054707,-0.00350287549999406,0.9854317843654219,0.9939788106800136,0.9880806537551869,0.9343821905331411,,,,,80025560.25,112626176.38,,
2022-09-01,0.9800000190734864,0.9800000190734864,0.9700000286102296,0.9800000190734864,0.9800000190734864,82153425,-0.004917554811787461,-0.0017214282826018956,-0.0031961265291855657,0.9840738430424381,0.9926474971936777,0.9877637661206105,0.9348360992748361,,,,,81065269.95,112194940.46,,
2022-09-02,0.9800000190734864,0.9800000190734864,0.9700000286102296,0.9800000190734864,0.9800000190734864,45844511,-0.005247205804807753,-0.002426583787043086,-0.002820622017764667,0.9830553870502001,0.9914429754679452,0.9874593054520958,0.9352854915116386,,,,,80138216.6,111023302.68,,
2022-09-05,0.9800000190734864,0.9800000190734864,0.959999978542328,0.959999978542328,0.959999978542328,73301030,-0.0070411227605594595,-0.0033494915817463802,-0.0036916311788130793,0.9772915349232321,0.9884484043321722,0.9863824691026931,0.9355314068054764,,,,,82141498.6,110223188.12,,
2022-09-06,0.9700000286102296,0.9700000286102296,0.959999978542328,0.9700000286102296,0.9700000286102296,46050971,-0.007568649610013578,-0.004193323187399834,-0.003375326422613744,0.9754686583449814,0.9866914161681777,0.9857400204559299,0.9358743781667178,,,,,81127664.65,105212402.84,,
2022-09-07,0.959999978542328,0.9700000286102296,0.959999978542328,0.9700000286102296,0.9700000286102296,44953969,-0.007895701660662113,-0.0049337988820523,-0.0029619027786098135,0.9741015009112934,0.985101760210278,0.9851227658737456,0.9362139368775986,,,,,78137149.9,100425521.78,,
2022-09-08,0.9700000286102296,0.9700000286102296,0.959999978542328,0.9700000286102296,0.9700000286102296,56616119,-0.008061959478605107,-0.005559431001362868,-0.002502528477242239,0.9730761328360275,0.9836635000578924,0.9845297173536077,0.9365501168948387,,,,,78108220.85,97964741.56,,
2022-09-09,0.959999978542328,0.9700000286102296,0.949999988079071,0.959999978542328,0.959999978542328,85660425,-0.008898067489824246,-0.00622715829905515,-0.0026709091907690967,0.9698070942626026,0.9814098313421245,0.9835677668119889,0.9367834488515302,,,,,81051605.6,90106556.76,,
2022-09-13,0.959999978542328,0.9700000286102296,0.949999988079071,0.9700000286102296,0.9700000286102296,111347511,-0.008654011980167908,-0.0067125290352777044,-0.0019414829448902039,0.9698553278495093,0.9803231834628964,0.9830356986472141,0.93711396208296,,,,,84637119.0,87965117.84,,
2022-09-14,0.959999978542328,0.959999978542328,0.949999988079071,0.949999988079071,0.949999988079071,56737818,-0.009959621344318714,-0.0073619474970859095,-0.0025976738472328047,0.9648914929068998,0.9774352600930082,0.9817401805857183,0.9372421812471005,,,,,83473649.5,85968676.9,,
2022-09-15,0.959999978542328,0.9700000286102296,0.949999988079071,0.9700000286102296,0.9700000286102296,85432786,-0.009273592273560283,-0.007744276452380785,-0.0015293158211794975,0.9661686268327322,0.976727142808934,0.9812797824690325,0.9375681299770819,,,,,78472736.0,84418523.5,,
2022-09-16,0.959999978542328,0.9700000286102296,0.949999988079071,0.959999978542328,0.959999978542328,160052749,-0.009428146791630287,-0.008081050520230686,-0.0013470962713996015,0.9646264647601311,0.9751340795454477,0.9804452803542597,0.937791332450368,,,,,84571537.05,84654228.3,,
2022-09-19,0.959999978542328,0.959999978542328,0.9300000071525574,0.9300000071525574,0.9300000071525574,168831307,-0.011834950186176307,-0.008831830453419811,-0.0030031197327564964,0.9559698503582377,0.9708355964604105,0.9784670343463499,0.9377138068255142,,,,,90142440.0,86833364.2,,
2022-09-20,0.9399999976158142,0.9399999976158142,0.9300000071525574,0.9300000071525574,0.9300000071525574,68345524,-0.013585751077499153,-0.00978261457823568,-0.003803136499263473,0.9494773895568176,0.9669464927168054,0.97656636661326,0.9376370525999127,,,,,87173707.2,86503602.72,,
2022-09-21,0.9300000071525574,0.9399999976158142,0.9200000166893004,0.9300000071525574,0.9300000071525574,122402551,-0.014802637754826042,-0.010786619213553755,-0.004016018541272287,0.9446080439557525,0.9634277798059246,0.9747402348697031,0.937561062097949,,,,,91068390.35,86960756.06,,
2022-09-22,0.9200000166893004,0.9300000071525574,0.9100000262260436,0.9100000262260436,0.9100000262260436,103944460,-0.017182786336997546,-0.012065852638242515,-0.005116933698755032,0.9359560395233253,0.9583394223221265,0.972201403158187,0.9372868229350445,,,,,92054286.35,86854349.82,,
2022-09-23,0.9100000262260436,0.9300000071525574,0.9100000262260436,0.9200000166893004,0.9200000166893004,135990666,-0.018054040562563545,-0.013263490223106722,-0.004790550339456823,0.9319670338148192,0.9546880503570955,0.9701542899633288,0.9371148149126989,,,,,95716249.65,88346036.58,,
2022-09-26,0.9100000262260436,0.9200000166893004,0.8899999856948853,0.8899999856948853,0.8899999856948853,151426661,-0.02092406578474193,-0.014795605335433764,-0.006128460449308166,0.9214752717848357,0.9485272822940278,0.9670109839135859,0.9366460106418749,,,,,99019401.5,89669032.16,,
2022-09-27,0.8899999856948853,0.8999999761581421,0.8600000143051147,0.8600000143051147,0.8600000143051147,188810072,-0.025327368224589475,-0.016901957913264907,-0.008425410311324568,0.9061064574149055,0.9400961139141314,0.962814475301489,0.935883363912156,,,,,101017258.4,91576708.58,,
2022-09-28,0.8600000143051147,0.8700000047683716,0.8399999737739563,0.8399999737739563,0.8399999737739563,185242305,-0.030084061611287072,-0.01953837865286934,-0.010545682958417731,0.8895798365046682,0.9305631481864958,0.957998220339625,0.9349293003286913,,,,,106513165.1,90341413.1,,
2022-09-29,0.8500000238418579,0.8600000143051147,0.8100000023841858,0.8299999833106995,0.8299999833106995,232884223,-0.034265696776567545,-0.022483842277608985,-0.01178185449895856,0.874684873206176,0.9209857039126104,0.9529786816326082,0.9338852275225421,,,,,110301454.15,91685660.88,,
2022-09-30,0.8199999928474426,0.8399999737739563,0.8199999928474426,0.8399999737739563,0.8399999737739563,161763124,-0.03635369481045758,-0.02525781278417871,-0.011095882026278873,0.8660136483481211,0.9132727772327386,0.9485481440695239,0.932951045893203,,,,,114281939.1,93071670.08,,
2022-10-03,0.8399999737739563,0.8399999737739563,0.8199999928474426,0.8399999737739563,0.8399999737739563,52740662,-0.03757530353149152,-0.027721310933641274,-0.009853992597850247,0.8595102297045799,0.9062944149985689,0.9442913530775409,0.9320261596034592,,,,,114626746.65,92178749.7,,
2022-10-05,0.8500000238418579,0.8799999952316284,0.8500000238418579,0.8799999952316284,0.8799999952316284,122840660,-0.034913312643538474,-0.029159711275620715,-0.005753601367917759,0.864632671086342,0.9037901845445745,0.9417701233580934,0.9315084863261276,,,,,117103728.15,93878383.98,,
2022-10-06,0.8700000047683716,0.8799999952316284,0.8700000047683716,0.8799999952316284,0.8799999952316284,39681454,-0.0324298347185743,-0.029813735964211434,-0.002616098754362868,0.8684745021226636,0.9015244522290558,0.9393477653923498,0.9309959640266798,,,,,116785252.3,93513383.28,,
2022-10-07,0.8799999952316284,0.8799999952316284,0.8600000143051147,0.8700000047683716,0.8700000047683716,26515194,-0.03091223877416438,-0.030033436526202027,-0.0008788022479623535,0.8688558777840907,0.8985221238994667,0.93662824536788,0.9303890390589356,,,,,115863313.55,92660658.88,,
2022-10-10,0.8600000143051147,0.8600000143051147,0.8399999737739563,0.8500000238418579,0.8500000238418579,55253617,-0.030966402218569167,-0.030220029664675456,-0.0007463725538937108,0.8641419142985325,0.8939009715130278,0.9332310602099969,0.9295891483602582,,,,,115795188.45,92561688.78,,
2022-10-11,0.8500000238418579,0.8500000238418579,0.8100000023841858,0.8199999928474426,0.8199999928474426,145447006,-0.033049108343155664,-0.030785845400371502,-0.0022632629427841618,0.85310643393576,0.8868627830686864,0.9287906261957791,0.9284987090019218,,,,,118784517.5,93486393.54,,
2022-10-12,0.8199999928474426,0.8399999737739563,0.8100000023841858,0.8299999833106995,0.8299999833106995,123181262,-0.03350651037788288,-0.03132997839587378,-0.0021765319820091014,0.8473298212794949,0.8814472783298304,0.9249164833375407,0.9275186221791235,,,,,119376205.05,94958507.74,,
2022-10-13,0.8399999737739563,0.8399999737739563,0.8199999928474426,0.8199999928474426,0.8199999928474426,72404223,-0.03428075295113664,-0.03192013330692635,-0.0023606196442102906,0.8404973641714818,0.8755951559029362,0.9208021111614585,0.9264487850713456,,,,,120159525.3,93333347.98,,
2022-10-14,0.8299999833106995,0.8500000238418579,0.8199999928474426,0.8199999928474426,0.8199999928474426,109524648,-0.03449668938296724,-0.032435444522134524,-0.0020612448608327144,0.835373021340472,0.8703003784690797,0.91684908691385,0.9253895931089188,,,,,121364118.4,94317842.76,,
2022-10-17,0.8199999928474426,0.8399999737739563,0.8100000023841858,0.8199999928474426,0.8199999928474426,115442048,-0.03427274566254934,-0.032802904750217486,-0.001469840912331856,0.8315297642172146,0.8655098655527332,0.9130510832249713,0.9243409403699987,,,,,119133583.35,95399499.1,,
2022-10-18,0.8299999833106995,0.8399999737739563,0.8199999928474426,0.8399999737739563,0.8399999737739563,118330131,-0.032111278939219945,-0.03266457958801798,0.0005533006487980358,0.8336473166064,0.8630803520499927,0.9101863338347355,0.9235017267720281,0.8399999737739563,,,,116608524.55,96478390.16,,
2022-10-19,0.8299999833106995,0.8399999737739563,0.8199999928474426,0.8199999928474426,0.8199999928474426,63402462,-0.0316473212515449,-0.032461127920723365,0.0008138066691784629,0.8302354856666607,0.8589774606973688,0.9066496145803319,0.9224718587727786,,,,,116361371.45,97081731.6,,
2022-10-20,0.8199999928474426,0.8199999928474426,0.800000011920929,0.8100000023841858,0.8100000023841858,169642534,-0.0317208882361073,-0.032313079983800154,0.0005921917476928509,0.825176614846042,0.854312940858018,0.9028594337098949,0.9213527358236384,,,,,118723370.6,99148029.28,,
2022-10-21,0.8100000023841858,0.8199999928474426,0.800000011920929,0.800000011920929,0.800000011920929,76305761,-0.032214754428186,-0.032293414872677326,7.866044449132692e-05,0.8188824641147637,0.8491402809592477,0.8988257308946412,0.9201452460335617,,,,,117341435.65,98578859.22,,
2022-10-24,0.800000011920929,0.800000011920929,0.7099999785423279,0.7200000286102295,0.7200000286102295,216592346,-0.03861633063574488,-0.03355799802529084,-0.00505833261045404,0.7941618552386301,0.8368412093069603,0.8918129582560369,0.9181537513328321,,,,,121371519.65,101766812.14,,
2022-10-25,0.7200000286102295,0.75,0.7099999785423279,0.7300000190734863,0.7300000190734863,116744893,-0.04239401851624103,-0.03532520212348088,-0.007068816392760149,0.7781213961973442,0.8266658578561532,0.8854673527978977,0.9162815748924406,,,,,119637431.25,103565855.4,,
2022-10-26,0.7300000190734863,0.7599999904632568,0.7300000190734863,0.75,0.75,92889247,-0.043275182958715575,-0.03691519829052782,-0.006359984668187754,0.7710910471480081,0.8193643475841386,0.880154907590137,0.914627031858685,,,,,114841390.0,104630895.48,,
2022-10-27,0.7599999904632568,0.7699999809265137,0.7400000095367432,0.75,0.75,237195590,-0.043472389467779315,-0.038226636525978124,-0.005245752941801192,0.765818285361006,0.812758219242792,0.8750507935669944,0.9129889519396932,,,,,117439054.25,107774663.12,,
2022-10-28,0.75,0.75,0.7099999785423279,0.7200000286102295,0.7200000286102295,76270119,-0.04552464387988242,-0.03968623799675899,-0.005838405883123433,0.7543637211733119,0.8039241058492147,0.8689703714118272,0.9110686641453702,,,,,109608349.05,105591044.38,,
2022-10-31,0.7200000286102295,0.7300000190734863,0.699999988079071,0.7099999785423279,0.7099999785423279,125149000,-0.04741146081717318,-0.04123128256084183,-0.0061801782563313465,0.7432727855155659,0.7949789508676065,0.8627362383581214,0.909067980706534,,,,,107777642.85,107332489.82,,
2022-11-01,0.7099999785423279,0.7400000095367432,0.7099999785423279,0.7400000095367432,0.7400000095367432,122197744,-0.04595627008048997,-0.04217628006477146,-0.003779990015718507,0.7424545915208602,0.7897428612170481,0.8579230529141458,0.9073857123366854,,,,,111250496.95,108628179.74,,
2022-11-02,0.7400000095367432,0.7799999713897705,0.7300000190734863,0.7799999713897705,0.7799999713897705,124566211,-0.04110156542991816,-0.04196133713780081,0.0008597717078826436,0.7518409364880878,0.7888149669477835,0.8548672457955429,0.9061181925262684,0.7799999713897705,,,,111336774.5,108565100.36,,
2022-11-03,0.7599999904632568,0.7699999809265137,0.75,0.7699999809265137,0.7699999809265137,81187938,-0.037627347936872946,-0.04109453929761524,0.0034671913607422916,0.7563806975976943,0.7870230635171864,0.8515391177614633,0.9047637824605992,,,,,113412098.7,109298681.36,,
2022-11-04,0.7699999809265137,0.800000011920929,0.7599999904632568,0.800000011920929,0.800000011920929,129303274,-0.032083416357545747,-0.039292314709601345,0.007208898352055598,0.767285526178503,0.7882589633651619,0.8495179763559522,0.9037213568830901,,,,,118551502.7,110200216.04,,
2022-11-07,0.800000011920929,0.8199999928474426,0.7900000214576721,0.8100000023841858,0.8100000023841858,90295331,-0.026576537280801227,-0.036749159223841324,0.010172621943040097,0.7779641452299237,0.7903295385098308,0.8479682518864712,0.9027888060920563,,,,,120303588.4,110751094.66,,
2022-11-08,0.8100000023841858,0.8199999928474426,0.7799999713897705,0.7900000214576721,0.7900000214576721,60680490,-0.023554604292636783,-0.034110248237600414,0.010555643944963632,0.7809731142868608,0.7902981559334348,0.845694987948087,0.9016665296280326,,,,,116065262.6,110257431.98,,
2022-11-09,0.7900000214576721,0.7900000214576721,0.7599999904632568,0.7799999713897705,0.7799999713897705,99660570,-0.02171628916320356,-0.03163145642272104,0.00991516725951748,0.7807298285625882,0.7893173764530859,0.8431187127889372,0.9004559171082489,,,,,114889228.0,109273584.7,,
2022-11-10,0.7699999809265137,0.7799999713897705,0.7599999904632568,0.7599999904632568,0.7599999904632568,38092704,-0.021623974648799615,-0.029629960067936754,0.008005985419137138,0.7755473690377553,0.7865252444540545,0.8398591550506752,0.899058345698846,,,,,113173652.05,108528955.36,,
2022-11-11,0.7900000214576721,0.8199999928474426,0.7799999713897705,0.800000011920929,0.800000011920929,121273772,-0.01811433672054774,-0.027326835398458954,0.009212498677911213,0.7816605297585487,0.7878085556413759,0.8382960513985283,0.8980726906363793,,,,,113761108.25,107812061.96,,
2022-11-14,0.8100000023841858,0.8199999928474426,0.7900000214576721,0.800000011920929,0.800000011920929,105311385,-0.015158189207440276,-0.02489310616025522,0.009734916952814945,0.7862454002991438,0.788969646715619,0.8367942459288185,0.8970968430869719,,,,,113254575.1,108275221.16,,
2022-11-15,0.800000011920929,0.8199999928474426,0.7900000214576721,0.8199999928474426,0.8199999928474426,141334552,-0.01107393634431486,-0.02212927219706715,0.011055335852752288,0.7946840484362185,0.7919249177757927,0.8361356477687645,0.8963297102487676,,,,,114404796.15,110185021.98,,
2022-11-16,0.8100000023841858,0.8199999928474426,0.800000011920929,0.800000011920929,0.800000011920929,128010968,-0.00934326441341693,-0.019572070640337107,0.010228806226920177,0.7960130393073961,0.7926939743610437,0.8347185640100259,0.8953712057877942,,,,,117635221.45,111279220.74,,
2022-11-17,0.7900000214576721,0.800000011920929,0.7699999809265137,0.7900000214576721,0.7900000214576721,155130986,-0.008678568914285312,-0.017393370295126748,0.008714801380841436,0.7945097848449652,0.7924374074178655,0.8329648956746395,0.8943227362919721,,,,,116909644.05,113460821.04,,
2022-11-18,0.7900000214576721,0.800000011920929,0.7799999713897705,0.800000011920929,0.800000011920929,144433005,-0.007261175017986843,-0.015366931239698766,0.008105756221711924,0.7958823416139561,0.7931576554657763,0.8316721551352783,0.893384201721116,,,,,120316006.25,115450401.76,,
2022-11-21,0.800000011920929,0.8100000023841858,0.7799999713897705,0.8100000023841858,0.8100000023841858,116774817,-0.005270212789896589,-0.013347587549738332,0.008077374759841743,0.7994117568065136,0.7947616885056248,0.8308222667920983,0.8925545081953754,,,,,115325129.8,116653575.72,,
2022-11-22,0.8100000023841858,0.8399999737739563,0.7900000214576721,0.8299999833106995,0.8299999833106995,248920921,-0.002054842685569991,-0.011089038576904664,0.009034195891334673,0.80705881343256,0.7981177165822985,0.830790020381063,0.8919320751119458,,,,,121933931.2,119918785.64,,
2022-11-23,0.8299999833106995,0.8500000238418579,0.8199999928474426,0.8299999833106995,0.8299999833106995,155345803,0.0004877389356363615,-0.008773683074396459,0.00926142201003282,0.8127941059020949,0.8011541229373842,0.8307590385351664,0.8913158353925305,,,,,125056759.0,120798751.48,,
2022-11-24,0.8299999833106995,0.8399999737739563,0.8199999928474426,0.8199999928474426,0.8199999928474426,51283214,0.0016765117751466052,-0.006683644104487845,0.00836015587963445,0.8145955776384318,0.8029489676907231,0.8303371151748635,0.8906062250189475,,,,,115761140.2,120689659.4,,
2022-11-25,0.8199999928474426,0.8399999737739563,0.8100000023841858,0.8399999737739563,0.8399999737739563,118023556,0.0041842209809290765,-0.0045100710874044605,0.008694292068333536,0.8209466766723129,0.8064776349367454,0.8307160508062005,0.8901026802304401,,,,,117848812.05,121341474.8,,
2022-11-28,0.8299999833106995,0.8299999833106995,0.800000011920929,0.8100000023841858,0.8100000023841858,111853113,0.003708106946222145,-0.002866435480679139,0.006574542426901284,0.8182100081002811,0.8068130985031683,0.8299036567504352,0.8893056386598307,,,0.8100000023841858,,117184017.7,120377482.08,,
2022-11-29,0.8100000023841858,0.8299999833106995,0.800000011920929,0.8199999928474426,0.8199999928474426,228240838,0.0040905455153855685,-0.0014750392814661972,0.005565584796851765,0.8186575042870715,0.8080689932026229,0.8295152777738473,0.8886160302437871,,,,,122486172.4,121565672.7,,
2022-11-30,0.8100000023841858,0.8399999737739563,0.7900000214576721,0.8399999737739563,0.8399999737739563,547518883,0.005939001001901256,7.768775207293857e-06,0.005931232226693962,0.8239931216587927,0.8111100389713214,0.8299264423228712,0.8881322883883659,,,,,143633806.0,131149139.88,,
2022-12-01,0.8299999833106995,0.8600000143051147,0.8299999833106995,0.8299999833106995,0.8299999833106995,241190095,0.006521820170810044,0.0013105790543278444,0.0052112411164822,0.8254948370717694,0.8129090812893573,0.8299293262831782,0.8875538574920707,,,,,151633913.85,133524890.76,,
2022-12-02,0.8399999737739563,0.8399999737739563,0.8100000023841858,0.8199999928474426,0.8199999928474426,141272560,0.006106402119193222,0.00226974366730092,0.0038366584518923015,0.8241211260156878,0.8135844061996511,0.8295399406582474,0.8868816797344128,,,,,152232378.15,134271452.76,,
2022-12-05,0.8199999928474426,0.8500000238418579,0.8100000023841858,0.8399999737739563,0.8399999737739563,415574548,0.00730678354849823,0.0032771516435403823,0.004029631904957848,0.828090837955255,0.8161001745400612,0.8299501380353341,0.8864151950979904,,,,,168496339.0,139863130.4,,
2022-12-06,0.8299999833106995,0.8600000143051147,0.8299999833106995,0.8299999833106995,0.8299999833106995,297788714,0.007366265118470716,0.004094974338526449,0.0032712907799442668,0.8285681242941161,0.8174239658515505,0.8299520927520152,0.885853849707072,,,,,180351750.2,142790371.46,,
2022-12-07,0.8399999737739563,0.8600000143051147,0.8199999928474426,0.8399999737739563,0.8399999737739563,425914601,0.008126641469487828,0.0049013077647187256,0.003225333704769102,0.8314260866640761,0.8195740618441606,0.8303461273018953,0.8853975922351007,,,,,196664451.75,147532462.04,,
2022-12-08,0.8399999737739563,0.8500000238418579,0.8299999833106995,0.8399999737739563,0.8399999737739563,161144000,0.008629766627665902,0.005646999537308161,0.002982767090357741,0.8335695584415461,0.8215193867898555,0.8307247095164859,0.8849458746384724,,,,,202817016.55,147050495.94,,
2022-12-09,0.8399999737739563,0.8500000238418579,0.8299999833106995,0.8299999833106995,0.8299999833106995,172055642,0.008127888061122746,0.006143177242071079,0.0019847108190516665,0.8326771646588345,0.8223270626489835,0.8306962888809648,0.8843991493516289,,,,,205356110.05,145833924.32,,
2022-12-12,0.8299999833106995,0.8399999737739563,0.8199999928474426,0.8299999833106995,0.8299999833106995,139678846,0.007642052852880554,0.006442952364232975,0.0011991004886475788,0.8320078693218007,0.8230578169977183,0.8306689827801701,0.8838578641173908,,,,,207074483.1,145392238.76,,
2022-12-13,0.8299999833106995,0.8299999833106995,0.8199999928474426,0.8199999928474426,0.8199999928474426,89934376,0.006376603784341239,0.006429682648254629,-5.307886391338942e-05,0.8290059002032112,0.8227665956500729,0.8302505910181024,0.8832224624132122,,0.8199999928474426,,,204504474.3,146136113.04,,0.8199999928474426
2022-12-14,0.8399999737739563,0.9900000095367432,0.8299999833106995,0.9300000071525574,0.9300000071525574,1061086193,0.014087417045163586,0.007961229527636421,0.006126187517527165,0.8542544269405478,0.8329793015074524,0.8341623328272967,0.8836879106195739,,,,,251158235.55,164901023.7,,
2022-12-15,0.9300000071525574,0.9399999976158142,0.8799999952316284,0.8999999761581421,0.8999999761581421,367284917,0.017574947300544208,0.00988397308221798,0.007690974218326228,0.8656908142449463,0.8393622229027562,0.8367442011932122,0.8838502197294105,,,,,261765932.1,171453092.96,,
2022-12-16,0.8899999856948853,0.8999999761581421,0.8600000143051147,0.8799999952316284,0.8799999952316284,336835294,0.018511618441876876,0.01160950215414976,0.006902116287727116,0.8692681094916168,0.8432324869340774,0.8384405068417776,0.8838119090378903,,,,,271386046.55,177659494.96,,
2022-12-19,0.8700000047683716,0.8700000047683716,0.8299999833106995,0.8299999833106995,0.8299999833106995,306994239,0.01504591408153877,0.012296784539627563,0.0027491295419112063,0.8594510779463875,0.8419722484937556,0.8381095059189902,0.8832764669908536,,,,,280897017.65,182694307.4,,
2022-12-20,0.8299999833106995,0.8399999737739563,0.800000011920929,0.8199999928474426,0.8199999928474426,334159493,0.01136143520434818,0.012109714672571688,-0.0007482794682235078,0.8495883066716513,0.8398796527179163,0.8373993289357923,0.8826468503327103,,0.8199999928474426,,,285158946.25,186468557.14,,0.8199999928474426
2022-12-21,0.8199999928474426,0.8299999833106995,0.8100000023841858,0.8299999833106995,0.8299999833106995,122806758,0.009142980214843499,0.011516367781026052,-0.0023733875661825533,0.8446912258314133,0.8389387318219909,0.8371091585191219,0.8821230009096057,,,,0.8299999833106995,283531994.0,186461067.06,,
2022-12-22,0.8399999737739563,0.8500000238418579,0.8299999833106995,0.8399999737739563,0.8399999737739563,129694894,0.008098400978070464,0.010832774420434935,-0.0027343734423644715,0.8435184128170491,0.8390398024840828,0.8372225238232331,0.8817038663112411,,,,,287452578.0,187606880.48,,
2022-12-23,0.8399999737739563,0.8500000238418579,0.8299999833106995,0.8399999737739563,0.8399999737739563,61265288,0.007187708972270945,0.010103761330802138,-0.002916052358531193,0.8426388030562759,0.8391312473688327,0.8373314434291439,0.8812889022063924,,,,,284614664.6,186641693.28,,
2022-12-28,0.8500000238418579,0.8500000238418579,0.8299999833106995,0.8399999737739563,0.8399999737739563,144262434,0.006392292626136498,0.009361467589869011,-0.0029691749637325137,0.8419790957356961,0.8392139832169397,0.8374360916779601,0.880878067097612,,,,,286235130.65,187218101.0,,
2022-12-29,0.8299999833106995,0.8399999737739563,0.8199999928474426,0.8299999833106995,0.8299999833106995,46647387,0.004898536509363338,0.008468881373767877,-0.003570344864404539,0.8389843176294469,0.8383364594163454,0.8371444795851264,0.8803718175076924,,,,,277155458.1,185784446.12,,
2022-12-30,0.8299999833106995,0.8500000238418579,0.8299999833106995,0.8399999737739563,0.8399999737739563,55843230,0.004470111020117407,0.007669127303037783,-0.003199016282920376,0.8392382316655742,0.8384948893551655,0.8372564597493942,0.8799701076197946,,,,,252571675.45,185633261.48,,
2023-01-03,0.8299999833106995,0.8600000143051147,0.8199999928474426,0.8600000143051147,0.8600000143051147,178463129,0.005678953408595699,0.007271092524149367,-0.0015921391155536676,0.8444286773254593,0.8405429964932559,0.8381483638496185,0.8797714002236287,,,,,249435327.15,185809673.38,,
2023-01-04,0.8600000143051147,0.8799999952316284,0.8500000238418579,0.8799999952316284,0.8799999952316284,121328933,0.008156774794432442,0.007448228978205983,0.0007085458162264593,0.8533215068020016,0.8443008058969105,0.8397896042959719,0.8797736748008227,,,,,248438145.8,186710136.82,,
2023-01-05,0.8799999952316284,0.8999999761581421,0.8700000047683716,0.8700000047683716,0.8700000047683716,106452221,0.00920741311389317,0.0078000658053434205,0.0014073473085497498,0.8574911312935941,0.8467483486465734,0.8409743258831248,0.8796764243527386,,,,,232982029.45,184507334.32,,
2023-01-06,0.8700000047683716,0.8799999952316284,0.8500000238418579,0.8600000143051147,0.8600000143051147,125263291,0.009127914975803453,0.008065635639435428,0.0010622793363680248,0.8581183520464742,0.8480104120426251,0.8417204313114381,0.8794806391781355,,,,,224355758.3,184677702.28,,
2023-01-09,0.8700000047683716,0.8899999856948853,0.8600000143051147,0.8799999952316284,0.8799999952316284,141392052,0.010557048354497334,0.008563918182447809,0.001993130172049525,0.8635887628427628,0.8510570390130063,0.8432215906808574,0.8794858069000607,,,,,210129630.85,185647758.38,,
2023-01-10,0.8899999856948853,0.8999999761581421,0.8799999952316284,0.8899999856948853,0.8899999856948853,165147720,0.01235415153874142,0.009321964853706531,0.003032186685034889,0.8701915685557934,0.8547658910779471,0.8450560375441527,0.8795904255945366,,,0.8899999856948853,,210329816.85,184206800.98,,
2023-01-11,0.8899999856948853,0.8999999761581421,0.8600000143051147,0.8700000047683716,0.8700000047683716,155224446,0.012025910243418036,0.009862753931648833,0.0021631563117692036,0.870143677608938,0.8562167590484637,0.8460342323372593,0.8794949985216395,,,,,209488257.05,185785887.52,,
2023-01-12,0.8799999952316284,0.8899999856948853,0.8600000143051147,0.8700000047683716,0.8700000047683716,109040182,0.011631693727157,0.010216541890750467,0.0014151518364065325,0.8701077593987964,0.8575294491170263,0.8469740665502441,0.8794005209718557,,,,,207956323.85,185463711.16,,
2023-01-13,0.8799999952316284,0.8899999856948853,0.8600000143051147,0.8799999952316284,0.8799999952316284,140750950,0.011987999753635292,0.010570833463327434,0.0014171662903078586,0.8725808183570044,0.8596695011279408,0.8482692010083377,0.8794064858898635,,,,,210497152.55,185834775.28,,
2023-01-16,0.8799999952316284,0.8899999856948853,0.8700000047683716,0.8799999952316284,0.8799999952316284,62579955,0.012130541515012916,0.010882775073664532,0.001247766441348384,0.8744356125756604,0.8616057386616254,0.8495135458798393,0.8794123914554532,,,,,160571840.65,184595050.16,,
2023-01-17,0.8700000047683716,0.8799999952316284,0.8600000143051147,0.8700000047683716,0.8700000047683716,115973157,0.011306259708733668,0.01096747200067836,0.0003387877080553072,0.8733267106238382,0.8624051925765536,0.8503169364244876,0.8793187358665271,,,,,148006252.65,185290754.54,,
2023-01-18,0.8700000047683716,0.8899999856948853,0.8700000047683716,0.8899999856948853,0.8899999856948853,109028673,0.012127048680622643,0.011199387336667218,0.0009276613439554247,0.8774950293916,0.8650332681116327,0.8518731344350914,0.8794250169593466,,,,,136615921.6,184885262.52,,
2023-01-19,0.8899999856948853,0.8899999856948853,0.8700000047683716,0.8899999856948853,0.8899999856948853,56447540,0.012631916978413926,0.011485893265016561,0.001146023713397365,0.8806212684674213,0.8674110507386091,0.8533683050727303,0.8795302405288544,,,,,124088586.65,184208306.7,,
2023-01-20,0.8899999856948853,0.9100000262260436,0.8799999952316284,0.9100000262260436,0.9100000262260436,161972931,0.014478960419356923,0.012084506695884635,0.0023944537234722885,0.8879659579070769,0.8714671436421744,0.8555891568826641,0.8798334224760902,,,,,115479258.55,186234155.52,,
2023-01-26,0.9100000262260436,0.9200000166893004,0.8999999761581421,0.9100000262260436,0.9100000262260436,132285464,0.015761071828341966,0.012819819722376101,0.0029412521059658647,0.8934744749868186,0.8751369419834953,0.8577229164647574,0.8801335876875326,,,,,115953193.85,186886653.4,,
2023-01-27,0.9100000262260436,0.9200000166893004,0.8999999761581421,0.9100000262260436,0.9100000262260436,94412339,0.016585961714761677,0.01357304812085322,0.003012913593908456,0.8976058627966249,0.878457235720881,0.8597729992004941,0.8804307661804531,,,,,114189066.1,188013046.1,,
2023-01-30,0.9200000166893004,0.949999988079071,0.9100000262260436,0.9200000166893004,0.9200000166893004,339484660,0.01784094919178625,0.014426628335039826,0.0034143208567464223,0.9032044012697938,0.8824136910512067,0.8621348430235846,0.8808244900661133,,,,,128100034.7,192377263.86,,
2023-01-31,0.9200000166893004,0.9300000071525574,0.8799999952316284,0.8899999856948853,0.8899999856948853,250315647,0.016227720965913295,0.01478684686121452,0.0014408741046987757,0.8999032973760667,0.8831361953029856,0.8632275937165768,0.8809157885300811,,,,,133402695.35,195277349.1,,
2023-02-01,0.8899999856948853,0.949999988079071,0.8899999856948853,0.949999988079071,0.949999988079071,294106519,0.019565189394988636,0.015742515367969345,0.003822674027019291,0.9124274700518178,0.8895041755673747,0.8666304327111845,0.8816031935007178,,,,,145775651.95,198332788.44,,
2023-02-02,0.949999988079071,0.949999988079071,0.9300000071525574,0.9300000071525574,0.9300000071525574,117361609,0.020361609893885024,0.01666633427315248,0.003695275620732543,0.9168206043270026,0.8933609214326302,0.8691155140618265,0.882084753835562,,,,,148851570.9,198119801.26,,
2023-02-03,0.9300000071525574,0.9300000071525574,0.8999999761581421,0.9200000166893004,0.9200000166893004,116042916,0.01995582489371861,0.01732423239726571,0.0026315924964529017,0.9176154574175771,0.8958979781237417,0.8711109847531001,0.8824620201326141,,,,,145730560.25,197338039.86,,
2023-02-06,0.9100000262260436,0.9100000262260436,0.8899999856948853,0.8999999761581421,0.8999999761581421,93733318,0.017815040537788263,0.01742239402537022,0.000392646512418042,0.9132115871027183,0.8962886446032083,0.8722438863768274,0.8826365271577439,,,,,144350779.5,196324046.12,,
2023-02-07,0.8999999761581421,0.9200000166893004,0.8999999761581421,0.9100000262260436,0.9100000262260436,70656190,0.016732492223258455,0.01728441366494787,-0.0005519214416894146,0.9124086968835496,0.8975944904720499,0.8737245193120907,0.8829088007803141,,0.9100000262260436,,,142560977.95,195401673.58,,
2023-02-08,0.9100000262260436,0.9200000166893004,0.8899999856948853,0.8999999761581421,0.8999999761581421,76342836,0.01489593337126316,0.016806717606210927,-0.0019107842349477683,0.9093065167021978,0.8978235843469158,0.874754929384485,0.8830788622268597,,,,,140114955.2,191950111.88,,
2023-02-09,0.8999999761581421,0.9100000262260436,0.8899999856948853,0.8999999761581421,0.8999999761581421,43522185,0.01328727975933619,0.01610283003683598,-0.0028155502774997905,0.9069798815661838,0.8980308597575088,0.8757449312187461,0.8832472315197084,,,,,135221461.85,189713639.52,,
2023-02-10,0.8999999761581421,0.8999999761581421,0.8799999952316284,0.8999999761581421,0.8999999761581421,88036622,0.011875516618825133,0.015257367353233811,-0.0033818507344086784,0.9052349052141734,0.8982183946528073,0.8766961094516637,0.8834139254962103,,,,,131365906.95,190448707.68,,
2023-02-13,0.8899999856948853,0.8999999761581421,0.8799999952316284,0.8899999856948853,0.8899999856948853,39599268,0.009836380827104807,0.01417317004800801,-0.004336789220903203,0.9014261753343513,0.897435689037767,0.8772178300886527,0.8834794584335106,,,,,125584648.05,188880221.92,,
2023-02-14,0.8899999856948853,0.8899999856948853,0.8700000047683716,0.8799999952316284,0.8799999952316284,72535561,0.007328951770633418,0.012804326392533092,-0.005475374621899674,0.8960696303086706,0.8957751467705157,0.8773269346040636,0.8834448369091138,,,,,123759417.0,188093870.88,,
